<?xml version="1.0" encoding="UTF-8"?>
<config xmlns="http://www.knime.org/2008/09/XMLConfig" xmlns:xsi="http://www.w3.org/2001/XMLSchema-instance" xsi:schemaLocation="http://www.knime.org/2008/09/XMLConfig http://www.knime.org/XMLConfig_2008_09.xsd" key="model.xml">
<entry key="version" type="xint" value="1"/>
<entry key="class_name" type="xstring" value="org.knime.base.data.normalize.NormalizerPortObject"/>
<config key="model">
<config key="columns">
<config key="ASM | DIAGONAL | 1 | 40">
<entry key="column_name" type="xstring" value="ASM | DIAGONAL | 1 | 40"/>
<entry key="column_scale" type="xdouble" value="7.0690159048247265"/>
<entry key="column_translate" type="xdouble" value="-0.008439531862641016"/>
<entry key="column_min" type="xdouble" value="0.0"/>
<entry key="column_max" type="xdouble" value="1.0"/>
</config>
<config key="Contrast | DIAGONAL | 1 | 40">
<entry key="column_name" type="xstring" value="Contrast | DIAGONAL | 1 | 40"/>
<entry key="column_scale" type="xdouble" value="0.006526060294644608"/>
<entry key="column_translate" type="xdouble" value="-0.015650036847478486"/>
<entry key="column_min" type="xdouble" value="0.0"/>
<entry key="column_max" type="xdouble" value="1.0"/>
</config>
<config key="Correlation | DIAGONAL | 1 | 40">
<entry key="column_name" type="xstring" value="Correlation | DIAGONAL | 1 | 40"/>
<entry key="column_scale" type="xdouble" value="1.6568691191400164"/>
<entry key="column_translate" type="xdouble" value="-0.640556578784074"/>
<entry key="column_min" type="xdouble" value="0.0"/>
<entry key="column_max" type="xdouble" value="1.0"/>
</config>
<config key="Variance | DIAGONAL | 1 | 40">
<entry key="column_name" type="xstring" value="Variance | DIAGONAL | 1 | 40"/>
<entry key="column_scale" type="xdouble" value="0.008494448560633262"/>
<entry key="column_translate" type="xdouble" value="-0.8007445297348028"/>
<entry key="column_min" type="xdouble" value="0.0"/>
<entry key="column_max" type="xdouble" value="1.0"/>
</config>
<config key="IFDM | DIAGONAL | 1 | 40">
<entry key="column_name" type="xstring" value="IFDM | DIAGONAL | 1 | 40"/>
<entry key="column_scale" type="xdouble" value="2.0550484497438415"/>
<entry key="column_translate" type="xdouble" value="-0.2897085299145133"/>
<entry key="column_min" type="xdouble" value="0.0"/>
<entry key="column_max" type="xdouble" value="1.0"/>
</config>
<config key="SumAverage | DIAGONAL | 1 | 40">
<entry key="column_name" type="xstring" value="SumAverage | DIAGONAL | 1 | 40"/>
<entry key="column_scale" type="xdouble" value="0.033910958483009394"/>
<entry key="column_translate" type="xdouble" value="-0.6898917062631194"/>
<entry key="column_min" type="xdouble" value="0.0"/>
<entry key="column_max" type="xdouble" value="1.0"/>
</config>
<config key="SumVariance | DIAGONAL | 1 | 40">
<entry key="column_name" type="xstring" value="SumVariance | DIAGONAL | 1 | 40"/>
<entry key="column_scale" type="xdouble" value="0.0019096602829066951"/>
<entry key="column_translate" type="xdouble" value="-0.5154700761687065"/>
<entry key="column_min" type="xdouble" value="0.0"/>
<entry key="column_max" type="xdouble" value="1.0"/>
</config>
<config key="SumEntropy | DIAGONAL | 1 | 40">
<entry key="column_name" type="xstring" value="SumEntropy | DIAGONAL | 1 | 40"/>
<entry key="column_scale" type="xdouble" value="0.5124168478947793"/>
<entry key="column_translate" type="xdouble" value="-1.2238606859917336"/>
<entry key="column_min" type="xdouble" value="0.0"/>
<entry key="column_max" type="xdouble" value="1.0"/>
</config>
<config key="Entropy | DIAGONAL | 1 | 40">
<entry key="column_name" type="xstring" value="Entropy | DIAGONAL | 1 | 40"/>
<entry key="column_scale" type="xdouble" value="0.24617042386605478"/>
<entry key="column_translate" type="xdouble" value="-0.7190034256343751"/>
<entry key="column_min" type="xdouble" value="0.0"/>
<entry key="column_max" type="xdouble" value="1.0"/>
</config>
<config key="DifferenceVariance | DIAGONAL | 1 | 40">
<entry key="column_name" type="xstring" value="DifferenceVariance | DIAGONAL | 1 | 40"/>
<entry key="column_scale" type="xdouble" value="1.2482909317960664E14"/>
<entry key="column_translate" type="xdouble" value="0.45950627977479425"/>
<entry key="column_min" type="xdouble" value="0.0"/>
<entry key="column_max" type="xdouble" value="1.0"/>
</config>
<config key="DifferenceEntropy | DIAGONAL | 1 | 40">
<entry key="column_name" type="xstring" value="DifferenceEntropy | DIAGONAL | 1 | 40"/>
<entry key="column_scale" type="xdouble" value="0.5278495802840157"/>
<entry key="column_translate" type="xdouble" value="-0.7072889879455382"/>
<entry key="column_min" type="xdouble" value="0.0"/>
<entry key="column_max" type="xdouble" value="1.0"/>
</config>
<config key="ICM1 | DIAGONAL | 1 | 40">
<entry key="column_name" type="xstring" value="ICM1 | DIAGONAL | 1 | 40"/>
<entry key="column_scale" type="xdouble" value="2.099120814230744"/>
<entry key="column_translate" type="xdouble" value="1.123035214639766"/>
<entry key="column_min" type="xdouble" value="0.0"/>
<entry key="column_max" type="xdouble" value="1.0"/>
</config>
<config key="ICM2 | DIAGONAL | 1 | 40">
<entry key="column_name" type="xstring" value="ICM2 | DIAGONAL | 1 | 40"/>
<entry key="column_scale" type="xdouble" value="2.4307048950370977"/>
<entry key="column_translate" type="xdouble" value="-1.4023040053811622"/>
<entry key="column_min" type="xdouble" value="0.0"/>
<entry key="column_max" type="xdouble" value="1.0"/>
</config>
<config key="ClusterShade | DIAGONAL | 1 | 40">
<entry key="column_name" type="xstring" value="ClusterShade | DIAGONAL | 1 | 40"/>
<entry key="column_scale" type="xdouble" value="2.895751566161911E-5"/>
<entry key="column_translate" type="xdouble" value="-0.24787448447614313"/>
<entry key="column_min" type="xdouble" value="0.0"/>
<entry key="column_max" type="xdouble" value="1.0"/>
</config>
<config key="ClusterProminence | DIAGONAL | 1 | 40">
<entry key="column_name" type="xstring" value="ClusterProminence | DIAGONAL | 1 | 40"/>
<entry key="column_scale" type="xdouble" value="5.683848843748646E-7"/>
<entry key="column_translate" type="xdouble" value="-0.26787320086179534"/>
<entry key="column_min" type="xdouble" value="0.0"/>
<entry key="column_max" type="xdouble" value="1.0"/>
</config>
<config key="ASM | ANTIDIAGONAL | 1 | 40">
<entry key="column_name" type="xstring" value="ASM | ANTIDIAGONAL | 1 | 40"/>
<entry key="column_scale" type="xdouble" value="6.9714472374475465"/>
<entry key="column_translate" type="xdouble" value="-0.007679790790938439"/>
<entry key="column_min" type="xdouble" value="0.0"/>
<entry key="column_max" type="xdouble" value="1.0"/>
</config>
<config key="Contrast | ANTIDIAGONAL | 1 | 40">
<entry key="column_name" type="xstring" value="Contrast | ANTIDIAGONAL | 1 | 40"/>
<entry key="column_scale" type="xdouble" value="0.006029948274569578"/>
<entry key="column_translate" type="xdouble" value="-0.015348959244358931"/>
<entry key="column_min" type="xdouble" value="0.0"/>
<entry key="column_max" type="xdouble" value="1.0"/>
</config>
<config key="Correlation | ANTIDIAGONAL | 1 | 40">
<entry key="column_name" type="xstring" value="Correlation | ANTIDIAGONAL | 1 | 40"/>
<entry key="column_scale" type="xdouble" value="1.5681443727641529"/>
<entry key="column_translate" type="xdouble" value="-0.5517596525028131"/>
<entry key="column_min" type="xdouble" value="0.0"/>
<entry key="column_max" type="xdouble" value="1.0"/>
</config>
<config key="Variance | ANTIDIAGONAL | 1 | 40">
<entry key="column_name" type="xstring" value="Variance | ANTIDIAGONAL | 1 | 40"/>
<entry key="column_scale" type="xdouble" value="0.008489963962715718"/>
<entry key="column_translate" type="xdouble" value="-0.8003393350774359"/>
<entry key="column_min" type="xdouble" value="0.0"/>
<entry key="column_max" type="xdouble" value="1.0"/>
</config>
<config key="IFDM | ANTIDIAGONAL | 1 | 40">
<entry key="column_name" type="xstring" value="IFDM | ANTIDIAGONAL | 1 | 40"/>
<entry key="column_scale" type="xdouble" value="2.1794845584913354"/>
<entry key="column_translate" type="xdouble" value="-0.3029172514745282"/>
<entry key="column_min" type="xdouble" value="0.0"/>
<entry key="column_max" type="xdouble" value="1.0"/>
</config>
<config key="SumAverage | ANTIDIAGONAL | 1 | 40">
<entry key="column_name" type="xstring" value="SumAverage | ANTIDIAGONAL | 1 | 40"/>
<entry key="column_scale" type="xdouble" value="0.033911852021009374"/>
<entry key="column_translate" type="xdouble" value="-0.6899362341244053"/>
<entry key="column_min" type="xdouble" value="0.0"/>
<entry key="column_max" type="xdouble" value="1.0"/>
</config>
<config key="SumVariance | ANTIDIAGONAL | 1 | 40">
<entry key="column_name" type="xstring" value="SumVariance | ANTIDIAGONAL | 1 | 40"/>
<entry key="column_scale" type="xdouble" value="0.0019063947010756058"/>
<entry key="column_translate" type="xdouble" value="-0.5062816423214779"/>
<entry key="column_min" type="xdouble" value="0.0"/>
<entry key="column_max" type="xdouble" value="1.0"/>
</config>
<config key="SumEntropy | ANTIDIAGONAL | 1 | 40">
<entry key="column_name" type="xstring" value="SumEntropy | ANTIDIAGONAL | 1 | 40"/>
<entry key="column_scale" type="xdouble" value="0.5135993992080122"/>
<entry key="column_translate" type="xdouble" value="-1.2291391347049627"/>
<entry key="column_min" type="xdouble" value="0.0"/>
<entry key="column_max" type="xdouble" value="1.0"/>
</config>
<config key="Entropy | ANTIDIAGONAL | 1 | 40">
<entry key="column_name" type="xstring" value="Entropy | ANTIDIAGONAL | 1 | 40"/>
<entry key="column_scale" type="xdouble" value="0.24608466151148425"/>
<entry key="column_translate" type="xdouble" value="-0.7206675142386432"/>
<entry key="column_min" type="xdouble" value="0.0"/>
<entry key="column_max" type="xdouble" value="1.0"/>
</config>
<config key="DifferenceVariance | ANTIDIAGONAL | 1 | 40">
<entry key="column_name" type="xstring" value="DifferenceVariance | ANTIDIAGONAL | 1 | 40"/>
<entry key="column_scale" type="xdouble" value="1.0714883871810845E14"/>
<entry key="column_translate" type="xdouble" value="0.44646840148698885"/>
<entry key="column_min" type="xdouble" value="0.0"/>
<entry key="column_max" type="xdouble" value="1.0"/>
</config>
<config key="DifferenceEntropy | ANTIDIAGONAL | 1 | 40">
<entry key="column_name" type="xstring" value="DifferenceEntropy | ANTIDIAGONAL | 1 | 40"/>
<entry key="column_scale" type="xdouble" value="0.5419261437725786"/>
<entry key="column_translate" type="xdouble" value="-0.7329305309895929"/>
<entry key="column_min" type="xdouble" value="0.0"/>
<entry key="column_max" type="xdouble" value="1.0"/>
</config>
<config key="ICM1 | ANTIDIAGONAL | 1 | 40">
<entry key="column_name" type="xstring" value="ICM1 | ANTIDIAGONAL | 1 | 40"/>
<entry key="column_scale" type="xdouble" value="2.2493046991568377"/>
<entry key="column_translate" type="xdouble" value="1.1544091734716744"/>
<entry key="column_min" type="xdouble" value="0.0"/>
<entry key="column_max" type="xdouble" value="1.0"/>
</config>
<config key="ICM2 | ANTIDIAGONAL | 1 | 40">
<entry key="column_name" type="xstring" value="ICM2 | ANTIDIAGONAL | 1 | 40"/>
<entry key="column_scale" type="xdouble" value="2.6620237318187328"/>
<entry key="column_translate" type="xdouble" value="-1.6294921715847046"/>
<entry key="column_min" type="xdouble" value="0.0"/>
<entry key="column_max" type="xdouble" value="1.0"/>
</config>
<config key="ClusterShade | ANTIDIAGONAL | 1 | 40">
<entry key="column_name" type="xstring" value="ClusterShade | ANTIDIAGONAL | 1 | 40"/>
<entry key="column_scale" type="xdouble" value="2.8787376181307103E-5"/>
<entry key="column_translate" type="xdouble" value="-0.23051181234287982"/>
<entry key="column_min" type="xdouble" value="0.0"/>
<entry key="column_max" type="xdouble" value="1.0"/>
</config>
<config key="ClusterProminence | ANTIDIAGONAL | 1 | 40">
<entry key="column_name" type="xstring" value="ClusterProminence | ANTIDIAGONAL | 1 | 40"/>
<entry key="column_scale" type="xdouble" value="5.606219038015748E-7"/>
<entry key="column_translate" type="xdouble" value="-0.24559035675630228"/>
<entry key="column_min" type="xdouble" value="0.0"/>
<entry key="column_max" type="xdouble" value="1.0"/>
</config>
<config key="ASM | HORIZONTAL | 1 | 40">
<entry key="column_name" type="xstring" value="ASM | HORIZONTAL | 1 | 40"/>
<entry key="column_scale" type="xdouble" value="6.298685062734407"/>
<entry key="column_translate" type="xdouble" value="-0.007957102619330957"/>
<entry key="column_min" type="xdouble" value="0.0"/>
<entry key="column_max" type="xdouble" value="1.0"/>
</config>
<config key="Contrast | HORIZONTAL | 1 | 40">
<entry key="column_name" type="xstring" value="Contrast | HORIZONTAL | 1 | 40"/>
<entry key="column_scale" type="xdouble" value="0.00895939763888198"/>
<entry key="column_translate" type="xdouble" value="-0.006470676072525877"/>
<entry key="column_min" type="xdouble" value="0.0"/>
<entry key="column_max" type="xdouble" value="1.0"/>
</config>
<config key="Correlation | HORIZONTAL | 1 | 40">
<entry key="column_name" type="xstring" value="Correlation | HORIZONTAL | 1 | 40"/>
<entry key="column_scale" type="xdouble" value="2.238733216481505"/>
<entry key="column_translate" type="xdouble" value="-1.2323782563973915"/>
<entry key="column_min" type="xdouble" value="0.0"/>
<entry key="column_max" type="xdouble" value="1.0"/>
</config>
<config key="Variance | HORIZONTAL | 1 | 40">
<entry key="column_name" type="xstring" value="Variance | HORIZONTAL | 1 | 40"/>
<entry key="column_scale" type="xdouble" value="0.008492583231102208"/>
<entry key="column_translate" type="xdouble" value="-0.8023950349533417"/>
<entry key="column_min" type="xdouble" value="0.0"/>
<entry key="column_max" type="xdouble" value="1.0"/>
</config>
<config key="IFDM | HORIZONTAL | 1 | 40">
<entry key="column_name" type="xstring" value="IFDM | HORIZONTAL | 1 | 40"/>
<entry key="column_scale" type="xdouble" value="1.576925707516394"/>
<entry key="column_translate" type="xdouble" value="-0.2572490851192447"/>
<entry key="column_min" type="xdouble" value="0.0"/>
<entry key="column_max" type="xdouble" value="1.0"/>
</config>
<config key="SumAverage | HORIZONTAL | 1 | 40">
<entry key="column_name" type="xstring" value="SumAverage | HORIZONTAL | 1 | 40"/>
<entry key="column_scale" type="xdouble" value="0.03379906625811904"/>
<entry key="column_translate" type="xdouble" value="-0.6887071857156275"/>
<entry key="column_min" type="xdouble" value="0.0"/>
<entry key="column_max" type="xdouble" value="1.0"/>
</config>
<config key="SumVariance | HORIZONTAL | 1 | 40">
<entry key="column_name" type="xstring" value="SumVariance | HORIZONTAL | 1 | 40"/>
<entry key="column_scale" type="xdouble" value="0.001960989312905864"/>
<entry key="column_translate" type="xdouble" value="-0.6020012455163295"/>
<entry key="column_min" type="xdouble" value="0.0"/>
<entry key="column_max" type="xdouble" value="1.0"/>
</config>
<config key="SumEntropy | HORIZONTAL | 1 | 40">
<entry key="column_name" type="xstring" value="SumEntropy | HORIZONTAL | 1 | 40"/>
<entry key="column_scale" type="xdouble" value="0.49902251425240757"/>
<entry key="column_translate" type="xdouble" value="-1.1712838708783027"/>
<entry key="column_min" type="xdouble" value="0.0"/>
<entry key="column_max" type="xdouble" value="1.0"/>
</config>
<config key="Entropy | HORIZONTAL | 1 | 40">
<entry key="column_name" type="xstring" value="Entropy | HORIZONTAL | 1 | 40"/>
<entry key="column_scale" type="xdouble" value="0.2390470131445419"/>
<entry key="column_translate" type="xdouble" value="-0.645270251771736"/>
<entry key="column_min" type="xdouble" value="0.0"/>
<entry key="column_max" type="xdouble" value="1.0"/>
</config>
<config key="DifferenceVariance | HORIZONTAL | 1 | 40">
<entry key="column_name" type="xstring" value="DifferenceVariance | HORIZONTAL | 1 | 40"/>
<entry key="column_scale" type="xdouble" value="1.534773035951607E14"/>
<entry key="column_translate" type="xdouble" value="0.5367412140575081"/>
<entry key="column_min" type="xdouble" value="0.0"/>
<entry key="column_max" type="xdouble" value="1.0"/>
</config>
<config key="DifferenceEntropy | HORIZONTAL | 1 | 40">
<entry key="column_name" type="xstring" value="DifferenceEntropy | HORIZONTAL | 1 | 40"/>
<entry key="column_scale" type="xdouble" value="0.47379960865955445"/>
<entry key="column_translate" type="xdouble" value="-0.42269634213029894"/>
<entry key="column_min" type="xdouble" value="0.0"/>
<entry key="column_max" type="xdouble" value="1.0"/>
</config>
<config key="ICM1 | HORIZONTAL | 1 | 40">
<entry key="column_name" type="xstring" value="ICM1 | HORIZONTAL | 1 | 40"/>
<entry key="column_scale" type="xdouble" value="1.690845046317281"/>
<entry key="column_translate" type="xdouble" value="1.1883775783503585"/>
<entry key="column_min" type="xdouble" value="0.0"/>
<entry key="column_max" type="xdouble" value="1.0"/>
</config>
<config key="ICM2 | HORIZONTAL | 1 | 40">
<entry key="column_name" type="xstring" value="ICM2 | HORIZONTAL | 1 | 40"/>
<entry key="column_scale" type="xdouble" value="3.9808734544959794"/>
<entry key="column_translate" type="xdouble" value="-2.9684733836391564"/>
<entry key="column_min" type="xdouble" value="0.0"/>
<entry key="column_max" type="xdouble" value="1.0"/>
</config>
<config key="ClusterShade | HORIZONTAL | 1 | 40">
<entry key="column_name" type="xstring" value="ClusterShade | HORIZONTAL | 1 | 40"/>
<entry key="column_scale" type="xdouble" value="2.7859426562289884E-5"/>
<entry key="column_translate" type="xdouble" value="-0.26965093312471294"/>
<entry key="column_min" type="xdouble" value="0.0"/>
<entry key="column_max" type="xdouble" value="1.0"/>
</config>
<config key="ClusterProminence | HORIZONTAL | 1 | 40">
<entry key="column_name" type="xstring" value="ClusterProminence | HORIZONTAL | 1 | 40"/>
<entry key="column_scale" type="xdouble" value="5.691476044840047E-7"/>
<entry key="column_translate" type="xdouble" value="-0.309318553219903"/>
<entry key="column_min" type="xdouble" value="0.0"/>
<entry key="column_max" type="xdouble" value="1.0"/>
</config>
<config key="ASM | VERTICAL | 1 | 40">
<entry key="column_name" type="xstring" value="ASM | VERTICAL | 1 | 40"/>
<entry key="column_scale" type="xdouble" value="6.923168307638118"/>
<entry key="column_translate" type="xdouble" value="-0.009497621953134649"/>
<entry key="column_min" type="xdouble" value="0.0"/>
<entry key="column_max" type="xdouble" value="1.0"/>
</config>
<config key="Contrast | VERTICAL | 1 | 40">
<entry key="column_name" type="xstring" value="Contrast | VERTICAL | 1 | 40"/>
<entry key="column_scale" type="xdouble" value="0.0064671468937796016"/>
<entry key="column_translate" type="xdouble" value="-0.01412491211313196"/>
<entry key="column_min" type="xdouble" value="0.0"/>
<entry key="column_max" type="xdouble" value="1.0"/>
</config>
<config key="Correlation | VERTICAL | 1 | 40">
<entry key="column_name" type="xstring" value="Correlation | VERTICAL | 1 | 40"/>
<entry key="column_scale" type="xdouble" value="1.6739597141598699"/>
<entry key="column_translate" type="xdouble" value="-0.6589448559323743"/>
<entry key="column_min" type="xdouble" value="0.0"/>
<entry key="column_max" type="xdouble" value="1.0"/>
</config>
<config key="Variance | VERTICAL | 1 | 40">
<entry key="column_name" type="xstring" value="Variance | VERTICAL | 1 | 40"/>
<entry key="column_scale" type="xdouble" value="0.008492350028560202"/>
<entry key="column_translate" type="xdouble" value="-0.7988961808422322"/>
<entry key="column_min" type="xdouble" value="0.0"/>
<entry key="column_max" type="xdouble" value="1.0"/>
</config>
<config key="IFDM | VERTICAL | 1 | 40">
<entry key="column_name" type="xstring" value="IFDM | VERTICAL | 1 | 40"/>
<entry key="column_scale" type="xdouble" value="1.956233853288839"/>
<entry key="column_translate" type="xdouble" value="-0.30574349189624783"/>
<entry key="column_min" type="xdouble" value="0.0"/>
<entry key="column_max" type="xdouble" value="1.0"/>
</config>
<config key="SumAverage | VERTICAL | 1 | 40">
<entry key="column_name" type="xstring" value="SumAverage | VERTICAL | 1 | 40"/>
<entry key="column_scale" type="xdouble" value="0.03390095705009517"/>
<entry key="column_translate" type="xdouble" value="-0.6865639206891454"/>
<entry key="column_min" type="xdouble" value="0.0"/>
<entry key="column_max" type="xdouble" value="1.0"/>
</config>
<config key="SumVariance | VERTICAL | 1 | 40">
<entry key="column_name" type="xstring" value="SumVariance | VERTICAL | 1 | 40"/>
<entry key="column_scale" type="xdouble" value="0.0019439670460638817"/>
<entry key="column_translate" type="xdouble" value="-0.5844460908616943"/>
<entry key="column_min" type="xdouble" value="0.0"/>
<entry key="column_max" type="xdouble" value="1.0"/>
</config>
<config key="SumEntropy | VERTICAL | 1 | 40">
<entry key="column_name" type="xstring" value="SumEntropy | VERTICAL | 1 | 40"/>
<entry key="column_scale" type="xdouble" value="0.5032264356111064"/>
<entry key="column_translate" type="xdouble" value="-1.188304315121205"/>
<entry key="column_min" type="xdouble" value="0.0"/>
<entry key="column_max" type="xdouble" value="1.0"/>
</config>
<config key="Entropy | VERTICAL | 1 | 40">
<entry key="column_name" type="xstring" value="Entropy | VERTICAL | 1 | 40"/>
<entry key="column_scale" type="xdouble" value="0.2521087826854967"/>
<entry key="column_translate" type="xdouble" value="-0.7145806729619162"/>
<entry key="column_min" type="xdouble" value="0.0"/>
<entry key="column_max" type="xdouble" value="1.0"/>
</config>
<config key="DifferenceVariance | VERTICAL | 1 | 40">
<entry key="column_name" type="xstring" value="DifferenceVariance | VERTICAL | 1 | 40"/>
<entry key="column_scale" type="xdouble" value="1.4350529059084478E14"/>
<entry key="column_translate" type="xdouble" value="0.4798356982823002"/>
<entry key="column_min" type="xdouble" value="0.0"/>
<entry key="column_max" type="xdouble" value="1.0"/>
</config>
<config key="DifferenceEntropy | VERTICAL | 1 | 40">
<entry key="column_name" type="xstring" value="DifferenceEntropy | VERTICAL | 1 | 40"/>
<entry key="column_scale" type="xdouble" value="0.5331045608622689"/>
<entry key="column_translate" type="xdouble" value="-0.677621922451212"/>
<entry key="column_min" type="xdouble" value="0.0"/>
<entry key="column_max" type="xdouble" value="1.0"/>
</config>
<config key="ICM1 | VERTICAL | 1 | 40">
<entry key="column_name" type="xstring" value="ICM1 | VERTICAL | 1 | 40"/>
<entry key="column_scale" type="xdouble" value="2.1862754516097906"/>
<entry key="column_translate" type="xdouble" value="1.179865372332273"/>
<entry key="column_min" type="xdouble" value="0.0"/>
<entry key="column_max" type="xdouble" value="1.0"/>
</config>
<config key="ICM2 | VERTICAL | 1 | 40">
<entry key="column_name" type="xstring" value="ICM2 | VERTICAL | 1 | 40"/>
<entry key="column_scale" type="xdouble" value="3.009953964834012"/>
<entry key="column_translate" type="xdouble" value="-1.9796098279365855"/>
<entry key="column_min" type="xdouble" value="0.0"/>
<entry key="column_max" type="xdouble" value="1.0"/>
</config>
<config key="ClusterShade | VERTICAL | 1 | 40">
<entry key="column_name" type="xstring" value="ClusterShade | VERTICAL | 1 | 40"/>
<entry key="column_scale" type="xdouble" value="2.8446043979327313E-5"/>
<entry key="column_translate" type="xdouble" value="-0.2594527305854244"/>
<entry key="column_min" type="xdouble" value="0.0"/>
<entry key="column_max" type="xdouble" value="1.0"/>
</config>
<config key="ClusterProminence | VERTICAL | 1 | 40">
<entry key="column_name" type="xstring" value="ClusterProminence | VERTICAL | 1 | 40"/>
<entry key="column_scale" type="xdouble" value="5.783756018794812E-7"/>
<entry key="column_translate" type="xdouble" value="-0.29605677735416347"/>
<entry key="column_min" type="xdouble" value="0.0"/>
<entry key="column_max" type="xdouble" value="1.0"/>
</config>
<config key="Min">
<entry key="column_name" type="xstring" value="Min"/>
<entry key="column_scale" type="xdouble" value="0.015625"/>
<entry key="column_translate" type="xdouble" value="0.0"/>
<entry key="column_min" type="xdouble" value="0.0"/>
<entry key="column_max" type="xdouble" value="1.0"/>
</config>
<config key="Max">
<entry key="column_name" type="xstring" value="Max"/>
<entry key="column_scale" type="xdouble" value="0.16666666666666666"/>
<entry key="column_translate" type="xdouble" value="-41.5"/>
<entry key="column_min" type="xdouble" value="0.0"/>
<entry key="column_max" type="xdouble" value="1.0"/>
</config>
<config key="Mean">
<entry key="column_name" type="xstring" value="Mean"/>
<entry key="column_scale" type="xdouble" value="0.01023020519234081"/>
<entry key="column_translate" type="xdouble" value="-0.645858429305459"/>
<entry key="column_min" type="xdouble" value="0.0"/>
<entry key="column_max" type="xdouble" value="1.0"/>
</config>
<config key="Geometric Mean">
<entry key="column_name" type="xstring" value="Geometric Mean"/>
<entry key="column_scale" type="xdouble" value="0.007472219372193184"/>
<entry key="column_translate" type="xdouble" value="0.0"/>
<entry key="column_min" type="xdouble" value="0.0"/>
<entry key="column_max" type="xdouble" value="1.0"/>
</config>
<config key="Sum">
<entry key="column_name" type="xstring" value="Sum"/>
<entry key="column_scale" type="xdouble" value="2.557551298085161E-6"/>
<entry key="column_translate" type="xdouble" value="-0.6458584293054458"/>
<entry key="column_min" type="xdouble" value="0.0"/>
<entry key="column_max" type="xdouble" value="1.0"/>
</config>
<config key="Squares of Sum">
<entry key="column_name" type="xstring" value="Squares of Sum"/>
<entry key="column_scale" type="xdouble" value="1.1269916125339724E-8"/>
<entry key="column_translate" type="xdouble" value="-0.36006877128218"/>
<entry key="column_min" type="xdouble" value="0.0"/>
<entry key="column_max" type="xdouble" value="1.0"/>
</config>
<config key="Std Dev">
<entry key="column_name" type="xstring" value="Std Dev"/>
<entry key="column_scale" type="xdouble" value="0.034203775456769614"/>
<entry key="column_translate" type="xdouble" value="-2.1639602125868933"/>
<entry key="column_min" type="xdouble" value="0.0"/>
<entry key="column_max" type="xdouble" value="1.0"/>
</config>
<config key="Variance">
<entry key="column_name" type="xstring" value="Variance"/>
<entry key="column_scale" type="xdouble" value="2.1957877786039857E-4"/>
<entry key="column_translate" type="xdouble" value="-0.8789027290148332"/>
<entry key="column_min" type="xdouble" value="0.0"/>
<entry key="column_max" type="xdouble" value="1.0"/>
</config>
<config key="Skewness">
<entry key="column_name" type="xstring" value="Skewness"/>
<entry key="column_scale" type="xdouble" value="0.41645581182895824"/>
<entry key="column_translate" type="xdouble" value="0.3041205757114975"/>
<entry key="column_min" type="xdouble" value="0.0"/>
<entry key="column_max" type="xdouble" value="1.0"/>
</config>
<config key="Kurtosis">
<entry key="column_name" type="xstring" value="Kurtosis"/>
<entry key="column_scale" type="xdouble" value="0.29123992269521004"/>
<entry key="column_translate" type="xdouble" value="0.45888746505006905"/>
<entry key="column_min" type="xdouble" value="0.0"/>
<entry key="column_max" type="xdouble" value="1.0"/>
</config>
<config key="Quantil 25">
<entry key="column_name" type="xstring" value="Quantil 25"/>
<entry key="column_scale" type="xdouble" value="0.008403361344537815"/>
<entry key="column_translate" type="xdouble" value="-0.20168067226890757"/>
<entry key="column_min" type="xdouble" value="0.0"/>
<entry key="column_max" type="xdouble" value="1.0"/>
</config>
<config key="Quantil 50">
<entry key="column_name" type="xstring" value="Quantil 50"/>
<entry key="column_scale" type="xdouble" value="0.007246376811594203"/>
<entry key="column_translate" type="xdouble" value="-0.2536231884057971"/>
<entry key="column_min" type="xdouble" value="0.0"/>
<entry key="column_max" type="xdouble" value="1.0"/>
</config>
<config key="Quantil 75">
<entry key="column_name" type="xstring" value="Quantil 75"/>
<entry key="column_scale" type="xdouble" value="0.005681818181818182"/>
<entry key="column_translate" type="xdouble" value="-0.44886363636363635"/>
<entry key="column_min" type="xdouble" value="0.0"/>
<entry key="column_max" type="xdouble" value="1.0"/>
</config>
<config key="Median absolute deviation (MAD)">
<entry key="column_name" type="xstring" value="Median absolute deviation (MAD)"/>
<entry key="column_scale" type="xdouble" value="0.011235955056179775"/>
<entry key="column_translate" type="xdouble" value="-0.15730337078651685"/>
<entry key="column_min" type="xdouble" value="0.0"/>
<entry key="column_max" type="xdouble" value="1.0"/>
</config>
<config key="WeightedCentroid Dim 1">
<entry key="column_name" type="xstring" value="WeightedCentroid Dim 1"/>
<entry key="column_scale" type="xdouble" value="0.03710352894622795"/>
<entry key="column_translate" type="xdouble" value="-1.3250964509996488"/>
<entry key="column_min" type="xdouble" value="0.0"/>
<entry key="column_max" type="xdouble" value="1.0"/>
</config>
<config key="WeightedCentroid Dim 2">
<entry key="column_name" type="xstring" value="WeightedCentroid Dim 2"/>
<entry key="column_scale" type="xdouble" value="0.08143850625930771"/>
<entry key="column_translate" type="xdouble" value="-1.0575327563388395"/>
<entry key="column_min" type="xdouble" value="0.0"/>
<entry key="column_max" type="xdouble" value="1.0"/>
</config>
<config key="WeightedCentroid Dim 3">
<entry key="column_name" type="xstring" value="WeightedCentroid Dim 3"/>
<entry key="column_scale" type="xdouble" value="1.0"/>
<entry key="column_translate" type="xdouble" value="0.0"/>
<entry key="column_min" type="xdouble" value="0.0"/>
<entry key="column_max" type="xdouble" value="1.0"/>
</config>
<config key="WeightedCentroid Dim 4">
<entry key="column_name" type="xstring" value="WeightedCentroid Dim 4"/>
<entry key="column_scale" type="xdouble" value="1.0"/>
<entry key="column_translate" type="xdouble" value="0.0"/>
<entry key="column_min" type="xdouble" value="0.0"/>
<entry key="column_max" type="xdouble" value="1.0"/>
</config>
<config key="WeightedCentroid Dim 5">
<entry key="column_name" type="xstring" value="WeightedCentroid Dim 5"/>
<entry key="column_scale" type="xdouble" value="1.0"/>
<entry key="column_translate" type="xdouble" value="0.0"/>
<entry key="column_min" type="xdouble" value="0.0"/>
<entry key="column_max" type="xdouble" value="1.0"/>
</config>
<config key="Mass Displacement">
<entry key="column_name" type="xstring" value="Mass Displacement"/>
<entry key="column_scale" type="xdouble" value="1.0"/>
<entry key="column_translate" type="xdouble" value="0.0"/>
<entry key="column_min" type="xdouble" value="0.0"/>
<entry key="column_max" type="xdouble" value="1.0"/>
</config>
</config>
<entry key="summary" type="xstring" value="Min/Max (0.0, 1) normalization on 80 column(s)"/>
</config>
</config>
